{
  "metadata": {
    "split": "benchmark",
    "filter": null,
    "timestamp": "2025-10-22T17:02:30.338362",
    "total_samples": 10
  },
  "summary": {
    "overview": {
      "total_samples": 10,
      "passed_samples": 10,
      "failed_samples": 0,
      "pass_rate": 1.0,
      "total_time_sec": 28.217432260513306,
      "avg_time_sec": 2.8217432260513307
    },
    "assertions": {
      "total": 14,
      "passed": 14,
      "failed": 0,
      "pass_rate": 1.0
    },
    "retrieval": {
      "ndcg@5": 0.0,
      "ndcg@10": 0.0,
      "precision@5": 0.8333333333333333,
      "precision@10": 0.8333333333333333,
      "recall@5": 1.0,
      "recall@10": 1.0,
      "f1@5": 0.9,
      "f1@10": 0.9,
      "mrr": 1.0,
      "map": 0.9166666666666666,
      "samples": 2
    },
    "operations": {
      "Encode": {
        "count": 3,
        "success": 3,
        "failure": 0,
        "success_rate": 1.0,
        "avg_time_ms": 2211.2066745758057,
        "min_time_ms": 888.3700370788574,
        "max_time_ms": 4643.124103546143
      },
      "Label": {
        "count": 1,
        "success": 1,
        "failure": 0,
        "success_rate": 1.0,
        "avg_time_ms": 2588.3591175079346,
        "min_time_ms": 2588.3591175079346,
        "max_time_ms": 2588.3591175079346
      },
      "Lock": {
        "count": 1,
        "success": 1,
        "failure": 0,
        "success_rate": 1.0,
        "avg_time_ms": 2708.545923233032,
        "min_time_ms": 2708.545923233032,
        "max_time_ms": 2708.545923233032
      },
      "Promote": {
        "count": 1,
        "success": 1,
        "failure": 0,
        "success_rate": 1.0,
        "avg_time_ms": 1728.2719612121582,
        "min_time_ms": 1728.2719612121582,
        "max_time_ms": 1728.2719612121582
      },
      "Retrieve": {
        "count": 2,
        "success": 2,
        "failure": 0,
        "success_rate": 1.0,
        "avg_time_ms": 3593.619704246521,
        "min_time_ms": 2830.254554748535,
        "max_time_ms": 4356.984853744507
      },
      "Summarize": {
        "count": 1,
        "success": 1,
        "failure": 0,
        "success_rate": 1.0,
        "avg_time_ms": 5780.524969100952,
        "min_time_ms": 5780.524969100952,
        "max_time_ms": 5780.524969100952
      },
      "Update": {
        "count": 1,
        "success": 1,
        "failure": 0,
        "success_rate": 1.0,
        "avg_time_ms": 1589.7986888885498,
        "min_time_ms": 1589.7986888885498,
        "max_time_ms": 1589.7986888885498
      }
    },
    "errors": []
  },
  "results": [
    {
      "sample_id": "t2m-zh-direct-single-encode-001",
      "passed": true,
      "assertions": [
        {
          "name": "record_created",
          "passed": true,
          "message": "actual=1 >= expected=1 -> PASS",
          "value": 1
        },
        {
          "name": "content_saved",
          "passed": true,
          "message": "actual=1 == expected=1 -> PASS",
          "value": 1
        },
        {
          "name": "tags_saved_json",
          "passed": true,
          "message": "actual=1 >= expected=1 -> PASS",
          "value": 1
        }
      ],
      "ranking": null,
      "duration": 4.643124103546143
    },
    {
      "sample_id": "t2m-zh-direct-single-encode-002",
      "passed": true,
      "assertions": [
        {
          "name": "record_created",
          "passed": true,
          "message": "actual=1 >= expected=1 -> PASS",
          "value": 1
        },
        {
          "name": "content_saved",
          "passed": true,
          "message": "actual=1 == expected=1 -> PASS",
          "value": 1
        },
        {
          "name": "tags_saved_json",
          "passed": true,
          "message": "actual=1 >= expected=1 -> PASS",
          "value": 1
        }
      ],
      "ranking": null,
      "duration": 0.8883700370788574
    },
    {
      "sample_id": "t2m-zh-direct-single-encode-003",
      "passed": true,
      "assertions": [
        {
          "name": "record_created",
          "passed": true,
          "message": "actual=1 >= expected=1 -> PASS",
          "value": 1
        },
        {
          "name": "content_saved",
          "passed": true,
          "message": "actual=1 == expected=1 -> PASS",
          "value": 1
        },
        {
          "name": "tags_saved_json",
          "passed": true,
          "message": "actual=1 >= expected=1 -> PASS",
          "value": 1
        }
      ],
      "ranking": null,
      "duration": 1.102125883102417
    },
    {
      "sample_id": "t2m-zh-direct-single-label-001",
      "passed": true,
      "assertions": [
        {
          "name": "tags_added_json",
          "passed": true,
          "message": "actual=1 == expected=1 -> PASS",
          "value": 1
        }
      ],
      "ranking": null,
      "duration": 2.5883591175079346
    },
    {
      "sample_id": "t2m-zh-direct-single-lock-001",
      "passed": true,
      "assertions": [
        {
          "name": "record_locked",
          "passed": true,
          "message": "actual=1 >= expected=1 -> PASS",
          "value": 1
        }
      ],
      "ranking": null,
      "duration": 2.7085459232330322
    },
    {
      "sample_id": "t2m-zh-direct-single-promote-001",
      "passed": true,
      "assertions": [
        {
          "name": "weight_increased",
          "passed": true,
          "message": "actual=1 == expected=1 -> PASS",
          "value": 1
        }
      ],
      "ranking": null,
      "duration": 1.7282719612121582
    },
    {
      "sample_id": "t2m-zh-direct-single-retrieve-001",
      "passed": true,
      "assertions": [],
      "ranking": {
        "query": "查找一下之前讨论过的关于支付系统重构的会议记录，尤其是涉及预算两百万和周期两个月的细节。",
        "passed": true,
        "precision": 0.6666666666666666,
        "recall": 1.0,
        "hits": 2,
        "message": "hits=2/2 (min=1)"
      },
      "duration": 2.830254554748535
    },
    {
      "sample_id": "t2m-zh-direct-single-retrieve-002",
      "passed": true,
      "assertions": [],
      "ranking": {
        "query": "查找并检索关于支付系统重构的所有记录。",
        "passed": true,
        "precision": 1.0,
        "recall": 1.0,
        "hits": 5,
        "message": "hits=5/5 (min=1)"
      },
      "duration": 4.356984853744507
    },
    {
      "sample_id": "t2m-zh-direct-single-summarize-001",
      "passed": true,
      "assertions": [
        {
          "name": "source_records_exist",
          "passed": true,
          "message": "actual=5 >= expected=1 -> PASS",
          "value": 5
        }
      ],
      "ranking": null,
      "duration": 5.780524969100952
    },
    {
      "sample_id": "t2m-zh-direct-single-update-001",
      "passed": true,
      "assertions": [
        {
          "name": "field_updated_text",
          "passed": true,
          "message": "actual=1 == expected=1 -> PASS",
          "value": 1
        }
      ],
      "ranking": null,
      "duration": 1.5897986888885498
    }
  ]
}