{
  "metadata": {
    "split": "benchmark",
    "filter": null,
    "timestamp": "2025-10-22T04:00:45.104643",
    "total_samples": 17
  },
  "summary": {
    "overview": {
      "total_samples": 17,
      "passed_samples": 9,
      "failed_samples": 8,
      "pass_rate": 0.5294117647058824,
      "total_time_sec": 75.29883599281311,
      "avg_time_sec": 4.429343293694889
    },
    "assertions": {
      "total": 26,
      "passed": 18,
      "failed": 8,
      "pass_rate": 0.6923076923076923
    },
    "retrieval": {
      "ndcg@5": 0.0,
      "ndcg@10": 0.0,
      "precision@5": 1.0,
      "precision@10": 1.0,
      "recall@5": 0.3333333333333333,
      "recall@10": 0.3333333333333333,
      "f1@5": 0.5,
      "f1@10": 0.5,
      "mrr": 1.0,
      "map": 0.3333333333333333,
      "samples": 1
    },
    "operations": {
      "Delete": {
        "count": 1,
        "success": 1,
        "failure": 0,
        "success_rate": 1.0,
        "avg_time_ms": 3613.0309104919434,
        "min_time_ms": 3613.0309104919434,
        "max_time_ms": 3613.0309104919434
      },
      "Encode": {
        "count": 6,
        "success": 6,
        "failure": 0,
        "success_rate": 1.0,
        "avg_time_ms": 1353.4488280614216,
        "min_time_ms": 1228.571891784668,
        "max_time_ms": 1552.2994995117188
      },
      "Label": {
        "count": 2,
        "success": 2,
        "failure": 0,
        "success_rate": 1.0,
        "avg_time_ms": 4102.980971336365,
        "min_time_ms": 4044.1136360168457,
        "max_time_ms": 4161.848306655884
      },
      "Lock": {
        "count": 1,
        "success": 1,
        "failure": 0,
        "success_rate": 1.0,
        "avg_time_ms": 5714.980840682983,
        "min_time_ms": 5714.980840682983,
        "max_time_ms": 5714.980840682983
      },
      "Merge": {
        "count": 1,
        "success": 1,
        "failure": 0,
        "success_rate": 1.0,
        "avg_time_ms": 5742.072343826294,
        "min_time_ms": 5742.072343826294,
        "max_time_ms": 5742.072343826294
      },
      "Promote": {
        "count": 2,
        "success": 2,
        "failure": 0,
        "success_rate": 1.0,
        "avg_time_ms": 4331.193566322327,
        "min_time_ms": 4266.0582065582275,
        "max_time_ms": 4396.328926086426
      },
      "Retrieve": {
        "count": 1,
        "success": 1,
        "failure": 0,
        "success_rate": 1.0,
        "avg_time_ms": 4148.362636566162,
        "min_time_ms": 4148.362636566162,
        "max_time_ms": 4148.362636566162
      },
      "Summarize": {
        "count": 2,
        "success": 2,
        "failure": 0,
        "success_rate": 1.0,
        "avg_time_ms": 9397.160410881042,
        "min_time_ms": 8976.974487304688,
        "max_time_ms": 9817.346334457397
      },
      "Update": {
        "count": 2,
        "success": 2,
        "failure": 0,
        "success_rate": 1.0,
        "avg_time_ms": 2764.231562614441,
        "min_time_ms": 2698.573350906372,
        "max_time_ms": 2829.8897743225098
      }
    },
    "errors": [
      "t2m-zh-direct-single-merge-001: Error binding parameter :child_ids - probably unsupported type.",
      "t2m-zh-direct-single-split-001: 1 validation error for SplitArgs\n  Value error, params 仅支持键 {'by_sentences', 'by_chunks', 'custom'}，发现无效: {'delimiters'} [type=value_error, input_value={'strategy': 'custom', 'p...]}, 'inherit_all': True}, input_type=dict]\n    For further information visit https://errors.pydantic.dev/2.11/v/value_error",
      "t2m-zh-direct-single-update-002: no such column: facets.amount"
    ]
  },
  "results": [
    {
      "sample_id": "t2m-zh-direct-single-delete-001",
      "passed": true,
      "assertions": [
        {
          "name": "soft_deleted",
          "passed": true,
          "message": "actual=1 == expected=1 -> PASS",
          "value": 1
        }
      ],
      "ranking": null,
      "duration": 3.6130309104919434
    },
    {
      "sample_id": "t2m-zh-direct-single-encode-001",
      "passed": true,
      "assertions": [
        {
          "name": "record_created",
          "passed": true,
          "message": "actual=1 >= expected=1 -> PASS",
          "value": 1
        },
        {
          "name": "content_saved",
          "passed": true,
          "message": "actual=1 == expected=1 -> PASS",
          "value": 1
        },
        {
          "name": "tags_saved_json",
          "passed": true,
          "message": "actual=1 >= expected=1 -> PASS",
          "value": 1
        }
      ],
      "ranking": null,
      "duration": 1.4101085662841797
    },
    {
      "sample_id": "t2m-zh-direct-single-encode-002",
      "passed": true,
      "assertions": [
        {
          "name": "record_created",
          "passed": true,
          "message": "actual=1 >= expected=1 -> PASS",
          "value": 1
        },
        {
          "name": "content_saved",
          "passed": true,
          "message": "actual=1 == expected=1 -> PASS",
          "value": 1
        },
        {
          "name": "tags_saved_json",
          "passed": true,
          "message": "actual=1 >= expected=1 -> PASS",
          "value": 1
        }
      ],
      "ranking": null,
      "duration": 1.5522994995117188
    },
    {
      "sample_id": "t2m-zh-direct-single-encode-003",
      "passed": true,
      "assertions": [
        {
          "name": "record_created",
          "passed": true,
          "message": "actual=1 >= expected=1 -> PASS",
          "value": 1
        },
        {
          "name": "content_saved",
          "passed": true,
          "message": "actual=1 == expected=1 -> PASS",
          "value": 1
        },
        {
          "name": "tags_saved_json",
          "passed": true,
          "message": "actual=1 >= expected=1 -> PASS",
          "value": 1
        }
      ],
      "ranking": null,
      "duration": 1.472569227218628
    },
    {
      "sample_id": "t2m-zh-direct-single-encode-004",
      "passed": false,
      "assertions": [
        {
          "name": "record_created",
          "passed": true,
          "message": "actual=3 >= expected=1 -> PASS",
          "value": 3
        },
        {
          "name": "content_saved",
          "passed": false,
          "message": "actual=3 == expected=1 -> FAIL",
          "value": 3
        },
        {
          "name": "tags_saved_json",
          "passed": true,
          "message": "actual=1 >= expected=1 -> PASS",
          "value": 1
        }
      ],
      "ranking": null,
      "duration": 3.685715675354004
    },
    {
      "sample_id": "t2m-zh-direct-single-label-001",
      "passed": false,
      "assertions": [
        {
          "name": "tags_added_json",
          "passed": false,
          "message": "actual=0 >= expected=1 -> FAIL",
          "value": 0
        }
      ],
      "ranking": null,
      "duration": 4.044113636016846
    },
    {
      "sample_id": "t2m-zh-direct-single-label-002",
      "passed": false,
      "assertions": [
        {
          "name": "tags_added_json",
          "passed": false,
          "message": "actual=1 == expected=3 -> FAIL",
          "value": 1
        },
        {
          "name": "record_with_tag",
          "passed": true,
          "message": "actual=1 == expected=1 -> PASS",
          "value": 1
        },
        {
          "name": "record_with_tag",
          "passed": false,
          "message": "actual=0 == expected=1 -> FAIL",
          "value": 0
        },
        {
          "name": "record_with_tag",
          "passed": false,
          "message": "actual=0 == expected=1 -> FAIL",
          "value": 0
        }
      ],
      "ranking": null,
      "duration": 4.161848306655884
    },
    {
      "sample_id": "t2m-zh-direct-single-lock-001",
      "passed": true,
      "assertions": [
        {
          "name": "record_locked",
          "passed": true,
          "message": "actual=4 == expected=4 -> PASS",