{
  "metadata": {
    "split": "benchmark",
    "filter": null,
    "timestamp": "2025-10-22T03:55:36.503220",
    "total_samples": 17
  },
  "summary": {
    "overview": {
      "total_samples": 17,
      "passed_samples": 9,
      "failed_samples": 8,
      "pass_rate": 0.5294117647058824,
      "total_time_sec": 83.3605432510376,
      "avg_time_sec": 4.903561367708094
    },
    "assertions": {
      "total": 26,
      "passed": 18,
      "failed": 8,
      "pass_rate": 0.6923076923076923
    },
    "retrieval": {
      "ndcg@5": 0.0,
      "ndcg@10": 0.0,
      "precision@5": 1.0,
      "precision@10": 1.0,
      "recall@5": 0.3333333333333333,
      "recall@10": 0.3333333333333333,
      "f1@5": 0.5,
      "f1@10": 0.5,
      "mrr": 1.0,
      "map": 0.3333333333333333,
      "samples": 1
    },
    "operations": {
      "Delete": {
        "count": 1,
        "success": 1,
        "failure": 0,
        "success_rate": 1.0,
        "avg_time_ms": 3585.733652114868,
        "min_time_ms": 3585.733652114868,
        "max_time_ms": 3585.733652114868
      },
      "Encode": {
        "count": 6,
        "success": 6,
        "failure": 0,
        "success_rate": 1.0,
        "avg_time_ms": 1827.7886708577473,
        "min_time_ms": 1300.8005619049072,
        "max_time_ms": 2272.2082138061523
      },
      "Label": {
        "count": 2,
        "success": 2,
        "failure": 0,
        "success_rate": 1.0,
        "avg_time_ms": 4318.886280059814,
        "min_time_ms": 3928.399085998535,
        "max_time_ms": 4709.373474121094
      },
      "Lock": {
        "count": 1,
        "success": 1,
        "failure": 0,
        "success_rate": 1.0,
        "avg_time_ms": 6643.4361934661865,
        "min_time_ms": 6643.4361934661865,
        "max_time_ms": 6643.4361934661865
      },
      "Merge": {
        "count": 1,
        "success": 1,
        "failure": 0,
        "success_rate": 1.0,
        "avg_time_ms": 6044.672727584839,
        "min_time_ms": 6044.672727584839,
        "max_time_ms": 6044.672727584839
      },
      "Promote": {
        "count": 2,
        "success": 2,
        "failure": 0,
        "success_rate": 1.0,
        "avg_time_ms": 5166.41366481781,
        "min_time_ms": 4348.99377822876,
        "max_time_ms": 5983.83355140686
      },
      "Retrieve": {
        "count": 1,
        "success": 1,
        "failure": 0,
        "success_rate": 1.0,
        "avg_time_ms": 4702.554702758789,
        "min_time_ms": 4702.554702758789,
        "max_time_ms": 4702.554702758789
      },
      "Summarize": {
        "count": 2,
        "success": 2,
        "failure": 0,
        "success_rate": 1.0,
        "avg_time_ms": 9730.86392879486,
        "min_time_ms": 7748.250484466553,
        "max_time_ms": 11713.477373123169
      },
      "Update": {
        "count": 2,
        "success": 2,
        "failure": 0,
        "success_rate": 1.0,
        "avg_time_ms": 2765.96999168396,
        "min_time_ms": 2743.486166000366,
        "max_time_ms": 2788.4538173675537
      }
    },
    "errors": [
      "t2m-zh-direct-single-merge-001: Error binding parameter :child_ids - probably unsupported type.",
      "t2m-zh-direct-single-split-001: 1 validation error for SplitArgs\n  Value error, params 仅支持键 {'custom', 'by_chunks', 'by_sentences'}，发现无效: {'delimiters'} [type=value_error, input_value={'strategy': 'custom', 'p...]}, 'inherit_all': True}, input_type=dict]\n    For further information visit https://errors.pydantic.dev/2.11/v/value_error",
      "t2m-zh-direct-single-update-002: no such column: facets.amount"
    ]
  },
  "results": [
    {
      "sample_id": "t2m-zh-direct-single-delete-001",
      "passed": true,
      "assertions": [
        {
          "name": "soft_deleted",
          "passed": true,
          "message": "actual=1 == expected=1 -> PASS",
          "value": 1
        }
      ],
      "ranking": null,
      "duration": 3.585733652114868
    },
    {
      "sample_id": "t2m-zh-direct-single-encode-001",
      "passed": true,
      "assertions": [
        {
          "name": "record_created",
          "passed": true,
          "message": "actual=1 >= expected=1 -> PASS",
          "value": 1
        },
        {
          "name": "content_saved",
          "passed": true,
          "message": "actual=1 == expected=1 -> PASS",
          "value": 1
        },
        {
          "name": "tags_saved_json",
          "passed": true,
          "message": "actual=1 >= expected=1 -> PASS",
          "value": 1
        }
      ],
      "ranking": null,
      "duration": 1.5090439319610596
    },
    {
      "sample_id": "t2m-zh-direct-single-encode-002",
      "passed": true,
      "assertions": [
        {
          "name": "record_created",
          "passed": true,
          "message": "actual=1 >= expected=1 -> PASS",
          "value": 1
        },
        {
          "name": "content_saved",
          "passed": true,
          "message": "actual=1 == expected=1 -> PASS",
          "value": 1
        },
        {
          "name": "tags_saved_json",
          "passed": true,
          "message": "actual=1 >= expected=1 -> PASS",
          "value": 1
        }
      ],
      "ranking": null,
      "duration": 1.3008005619049072
    },
    {
      "sample_id": "t2m-zh-direct-single-encode-003",
      "passed": true,
      "assertions": [
        {
          "name": "record_created",
          "passed": true,
          "message": "actual=1 >= expected=1 -> PASS",
          "value": 1
        },
        {
          "name": "content_saved",
          "passed": true,
          "message": "actual=1 == expected=1 -> PASS",
          "value": 1
        },
        {
          "name": "tags_saved_json",
          "passed": true,
          "message": "actual=1 >= expected=1 -> PASS",
          "value": 1
        }
      ],
      "ranking": null,
      "duration": 1.3402628898620605
    },
    {
      "sample_id": "t2m-zh-direct-single-encode-004",
      "passed": false,
      "assertions": [
        {
          "name": "record_created",
          "passed": true,
          "message": "actual=3 >= expected=1 -> PASS",
          "value": 3
        },
        {
          "name": "content_saved",
          "passed": false,
          "message": "actual=3 == expected=1 -> FAIL",
          "value": 3
        },
        {
          "name": "tags_saved_json",
          "passed": true,
          "message": "actual=1 >= expected=1 -> PASS",
          "value": 1
        }
      ],
      "ranking": null,
      "duration": 6.816624641418457
    },
    {
      "sample_id": "t2m-zh-direct-single-label-001",
      "passed": false,
      "assertions": [
        {
          "name": "tags_added_json",
          "passed": false,
          "message": "actual=0 >= expected=1 -> FAIL",
          "value": 0
        }
      ],
      "ranking": null,
      "duration": 4.709373474121094
    },
    {
      "sample_id": "t2m-zh-direct-single-label-002",
      "passed": false,
      "assertions": [
        {
          "name": "tags_added_json",
          "passed": false,
          "message": "actual=1 == expected=3 -> FAIL",
          "value": 1
        },
        {
          "name": "record_with_tag",
          "passed": true,
          "message": "actual=1 == expected=1 -> PASS",
          "value": 1
        },
        {
          "name": "record_with_tag",
          "passed": false,
          "message": "actual=0 == expected=1 -> FAIL",
          "value": 0
        },
        {
          "name": "record_with_tag",
          "passed": false,
          "message": "actual=0 == expected=1 -> FAIL",
          "value": 0
        }
      ],
      "ranking": null,
      "duration": 3.928399085998535
    },
    {
      "sample_id": "t2m-zh-direct-single-lock-001",
      "passed": true,
      "assertions": [
        {
          "name": "record_locked",
          "passed": true,
          "message": "actual=4 == expected=4 -> PASS",